Frame,Sub Frame,"Reconstruction Position - Unlabeled Track (442)",,
,,"TX","TY","TZ"
Frames,Frames,"mm","mm","mm"
1,0,"1388.17","27.3822","849.864"
2,0,"1388.16","27.3947","849.866"
3,0,"1388.15","27.4089","849.863"
4,0,"1388.15","27.4011","849.853"
5,0,"1388.14","27.4037","849.847"
6,0,"1388.13","27.4009","849.844"
7,0,"1388.12","27.3977","849.835"
8,0,"1388.12","27.4047","849.836"
9,0,"1388.1","27.403","849.828"
10,0,"1388.1","27.4168","849.823"
11,0,"1388.09","27.4216","849.822"
12,0,"1388.08","27.4317","849.819"
13,0,"1388.07","27.4329","849.828"
14,0,"1388.06","27.4226","849.818"
15,0,"1388.04","27.4106","849.818"
16,0,"1388.03","27.4102","849.814"
17,0,"1388.02","27.3953","849.821"
18,0,"1388.01","27.3738","849.812"
19,0,"1388","27.3642","849.81"
20,0,"1387.99","27.3605","849.817"
21,0,"1387.97","27.3583","849.81"
22,0,"1387.95","27.3583","849.82"
23,0,"1387.94","27.3499","849.821"
24,0,"1387.93","27.3534","849.829"
25,0,"1387.91","27.3515","849.831"
26,0,"1387.9","27.355","849.822"
27,0,"1387.88","27.3437","849.817"
28,0,"1387.86","27.3538","849.816"
29,0,"1387.85","27.3655","849.81"
30,0,"1387.84","27.3779","849.798"
31,0,"1387.83","27.3861","849.783"
32,0,"1387.81","27.4006","849.775"
33,0,"1387.79","27.4048","849.77"
34,0,"1387.78","27.4294","849.764"
35,0,"1387.76","27.4437","849.762"
36,0,"1387.74","27.4525","849.769"
37,0,"1387.73","27.4646","849.772"
38,0,"1387.71","27.4856","849.774"
39,0,"1387.7","27.4916","849.777"
40,0,"1387.68","27.501","849.779"
41,0,"1387.67","27.5097","849.768"
42,0,"1387.65","27.5187","849.764"
43,0,"1387.64","27.5146","849.752"
44,0,"1387.62","27.5141","849.743"
45,0,"1387.61","27.5188","849.742"
46,0,"1387.59","27.5163","849.748"
47,0,"1387.58","27.5184","849.757"
48,0,"1387.56","27.5273","849.77"
49,0,"1387.56","27.5379","849.786"
50,0,"1387.55","27.5443","849.796"
51,0,"1387.54","27.5609","849.797"
52,0,"1387.53","27.5706","849.799"
53,0,"1387.52","27.5729","849.793"
54,0,"1387.52","27.5699","849.792"
55,0,"1387.52","27.5676","849.786"
56,0,"1387.52","27.5735","849.79"
57,0,"1387.52","27.5786","849.796"
58,0,"1387.52","27.5953","849.801"
59,0,"1387.52","27.6137","849.806"
60,0,"1387.52","27.6527","849.811"
61,0,"1387.52","27.6876","849.809"
62,0,"1387.53","27.7217","849.804"
63,0,"1387.53","27.7446","849.806"
64,0,"1387.54","27.7575","849.812"
65,0,"1387.55","27.7735","849.818"
66,0,"1387.55","27.7857","849.822"
67,0,"1387.56","27.7996","849.826"
68,0,"1387.57","27.8191","849.83"
69,0,"1387.57","27.8393","849.825"
70,0,"1387.58","27.8752","849.816"
71,0,"1387.6","27.9042","849.813"
72,0,"1387.61","27.9403","849.804"
73,0,"1387.62","27.9788","849.807"
74,0,"1387.63","28.0148","849.806"
75,0,"1387.64","28.0529","849.817"
76,0,"1387.65","28.0928","849.825"
77,0,"1387.67","28.1199","849.835"
78,0,"1387.68","28.1667","849.837"
79,0,"1387.7","28.2188","849.837"
80,0,"1387.71","28.268","849.833"
81,0,"1387.72","28.3096","849.839"
82,0,"1387.74","28.3766","849.833"
83,0,"1387.76","28.4322","849.828"
84,0,"1387.79","28.4957","849.834"
85,0,"1387.81","28.5641","849.837"
86,0,"1387.82","28.6337","849.838"
87,0,"1387.84","28.6914","849.841"
88,0,"1387.86","28.7479","849.849"
89,0,"1387.87","28.7976","849.856"
90,0,"1387.88","28.8562","849.86"
91,0,"1387.88","28.9053","849.868"
92,0,"1387.89","28.9404","849.88"
93,0,"1387.9","28.9698","849.891"
94,0,"1387.9","28.9943","849.907"
95,0,"1387.91","29.0147","849.922"
96,0,"1387.91","29.0172","849.955"
97,0,"1387.9","29.01","849.978"
98,0,"1387.89","28.9814","850.003"
99,0,"1387.89","28.9659","850.027"
100,0,"1387.88","28.9409","850.052"
101,0,"1387.86","28.9139","850.059"
102,0,"1387.85","28.8824","850.053"
103,0,"1387.84","28.8477","850.038"
104,0,"1387.83","28.7946","850.03"
105,0,"1387.81","28.7586","850.014"
106,0,"1387.8","28.7232","850"
107,0,"1387.79","28.6859","849.982"
108,0,"1387.77","28.655","849.964"
109,0,"1387.76","28.6329","849.949"
110,0,"1387.75","28.632","849.935"
111,0,"1387.73","28.6466","849.931"
112,0,"1387.73","28.6786","849.916"
113,0,"1387.72","28.7206","849.908"
114,0,"1387.71","28.792","849.914"
115,0,"1387.69","28.8559","849.896"
116,0,"1387.67","28.9547","849.866"
117,0,"1387.64","29.0532","849.844"
118,0,"1387.6","29.1569","849.827"
119,0,"1387.58","29.2669","849.798"
120,0,"1387.54","29.3669","849.754"
121,0,"1387.5","29.4694","849.705"
122,0,"1387.51","29.5669","849.636"
123,0,"1387.53","29.6656","849.597"
124,0,"1387.54","29.7474","849.599"
125,0,"1387.54","29.805","849.589"
126,0,"1387.52","29.8527","849.562"
127,0,"1387.49","29.913","849.521"
128,0,"1387.42","29.9556","849.499"
129,0,"1387.34","29.9702","849.511"
130,0,"1387.23","29.9971","849.538"
131,0,"1387.11","30.0226","849.567"
132,0,"1386.97","30.0622","849.61"
133,0,"1386.83","30.1053","849.653"
134,0,"1386.65","30.1442","849.69"
135,0,"1386.46","30.2018","849.711"
136,0,"1386.24","30.2531","849.72"
137,0,"1386.02","30.316","849.721"
138,0,"1385.77","30.3755","849.709"
139,0,"1385.51","30.4461","849.697"
140,0,"1385.23","30.5375","849.665"
141,0,"1384.93","30.6252","849.638"
142,0,"1384.64","30.6995","849.608"
143,0,"1384.35","30.824","849.592"
144,0,"1384.05","30.9448","849.595"
145,0,"1383.75","31.0936","849.591"
146,0,"1383.47","31.2543","849.611"
147,0,"1383.19","31.4399","849.651"
148,0,"1382.89","31.6146","849.689"
149,0,"1382.58","31.8243","849.733"
150,0,"1382.28","32.0484","849.776"
151,0,"1381.99","32.2704","849.815"
152,0,"1381.69","32.5192","849.836"
153,0,"1381.39","32.7637","849.82"
154,0,"1381.11","33.0157","849.777"
155,0,"1380.82","33.2843","849.737"
156,0,"1380.56","33.5765","849.671"
157,0,"1380.27","33.8305","849.599"
158,0,"1380","34.1237","849.531"
159,0,"1379.72","34.4088","849.49"
160,0,"1379.45","34.6552","849.486"
161,0,"1379.13","34.8835","849.471"
162,0,"1378.79","35.0869","849.47"
163,0,"1378.47","35.2764","849.476"
164,0,"1378.14","35.4415","849.499"
165,0,"1377.79","35.6137","849.511"
166,0,"1377.44","35.7399","849.528"
167,0,"1377.1","35.8619","849.545"
168,0,"1376.72","35.9952","849.551"
169,0,"1376.35","36.1519","849.561"
170,0,"1375.98","36.3255","849.582"
171,0,"1375.59","36.4923","849.587"
172,0,"1375.21","36.6811","849.588"
173,0,"1374.8","36.8715","849.549"
174,0,"1374.4","37.0598","849.506"
175,0,"1374","37.2249","849.465"
176,0,"1373.56","37.357","849.377"
177,0,"1373.14","37.4909","849.3"
178,0,"1372.72","37.6185","849.253"
179,0,"1372.28","37.7237","849.189"
180,0,"1371.83","37.8802","849.113"
181,0,"1371.38","38.0271","849.058"
182,0,"1370.94","38.178","849.006"
183,0,"1370.47","38.3098","848.939"
184,0,"1370.02","38.4679","848.876"
185,0,"1369.57","38.5996","848.81"
186,0,"1369.1","38.7323","848.719"
187,0,"1368.6","38.847","848.633"
188,0,"1368.08","38.9363","848.505"
189,0,"1367.52","39.0443","848.357"
190,0,"1366.91","39.0936","848.201"
191,0,"1366.28","39.1395","848.05"
192,0,"1365.58","39.1272","847.907"
193,0,"1364.82","39.0592","847.757"
194,0,"1364","38.929","847.588"
195,0,"1363.14","38.7792","847.409"
196,0,"1362.19","38.5648","847.209"
197,0,"1361.21","38.2968","847"
198,0,"1360.17","38.0144","846.794"
199,0,"1359.05","37.6532","846.566"
200,0,"1357.86","37.2272","846.354"
201,0,"1356.6","36.6883","846.122"
202,0,"1355.28","36.0949","845.947"
203,0,"1353.92","35.4007","845.847"
204,0,"1352.44","34.5746","845.751"
205,0,"1350.88","33.6653","845.698"
206,0,"1349.19","32.6798","845.604"
207,0,"1347.37","31.6484","845.461"
208,0,"1345.51","30.5719","845.333"
209,0,"1343.6","29.4832","845.239"
210,0,"1341.68","28.3593","845.163"
211,0,"1339.72","27.2239","845.11"
212,0,"1337.72","26.1464","845.061"
213,0,"1335.72","25.1229","845.015"
214,0,"1333.81","24.2094","844.962"
215,0,"1332.02","23.4538","844.948"
216,0,"1330.41","22.7897","844.969"
217,0,"1328.98","22.2354","845.034"
218,0,"1327.75","21.7678","845.114"
219,0,"1326.7","21.3714","845.157"
220,0,"1325.79","20.9776","845.119"
221,0,"1325.07","20.5601","845.044"
222,0,"1324.55","20.0455","844.972"
223,0,"1324.16","19.4315","844.963"
224,0,"1323.88","18.7539","844.982"
225,0,"1323.7","18.1023","845.096"
226,0,"1323.53","17.3543","845.382"
227,0,"1323.42","16.6077","845.841"
228,0,"1323.34","15.7742","846.504"
229,0,"1323.31","14.8255","847.253"
230,0,"1323.21","13.6286","847.918"
231,0,"1323.49","13.495","849.149"
232,0,"1323.99","12.9835","850.488"
233,0,"1324.35","11.7856","851.065"
234,0,"1324.89","10.9576","851.945"
235,0,"1325.52","10.0658","852.708"
236,0,"1326.2","9.04534","853.342"
237,0,"1327.14","7.41761","853.97"
238,0,"1327.97","6.60658","854.696"
239,0,"1328.84","5.63203","855.303"
240,0,"1329.82","3.69747","855.43"
241,0,"1330.81","1.92339","855.747"
242,0,"1331.77","0.00604806","855.976"
243,0,"1332.75","-2.15571","856.183"
244,0,"1333.56","-4.46003","856.119"
245,0,"1334.37","-7.11167","855.984"
246,0,"1335.09","-9.98527","855.677"
247,0,"1335.77","-13.0084","855.276"
248,0,"1336.34","-16.3671","854.688"
249,0,"1336.92","-19.9805","854.038"
250,0,"1337.49","-23.7103","853.185"
251,0,"1338.1","-27.5596","852.203"
252,0,"1338.68","-31.3731","851.024"
253,0,"1339.21","-35.205","849.723"
254,0,"1339.67","-38.9952","848.275"
255,0,"1340.13","-42.7125","846.831"
256,0,"1340.68","-46.2672","845.521"
257,0,"1341.36","-49.6496","844.515"
258,0,"1342.31","-52.9859","844.037"
259,0,"1343.34","-55.9268","843.779"
260,0,"1344.57","-58.7432","843.849"
261,0,"1346.01","-61.3542","844.107"
262,0,"1347.59","-63.7816","844.387"
263,0,"1349.28","-66.0907","844.672"
264,0,"1351.11","-68.3674","844.907"
265,0,"1353.01","-70.629","845.051"
266,0,"1354.91","-72.898","845.068"
267,0,"1356.75","-75.0806","844.937"
268,0,"1358.59","-77.3044","844.783"
269,0,"1360.25","-79.1198","844.353"
270,0,"1361.87","-80.8926","843.951"
271,0,"1363.41","-82.5699","843.619"
272,0,"1364.87","-84.1202","843.279"
273,0,"1366.32","-85.5535","842.947"
274,0,"1367.77","-86.8823","842.649"
275,0,"1369.23","-88.1293","842.361"
276,0,"1370.67","-89.3773","842.082"
277,0,"1372.07","-90.6559","841.851"
278,0,"1373.35","-91.9811","841.657"
279,0,"1374.49","-93.325","841.455"
280,0,"1375.46","-94.6915","841.262"
281,0,"1376.25","-96.019","841.019"
282,0,"1376.96","-97.2811","840.785"
283,0,"1377.63","-98.4562","840.574"
284,0,"1378.34","-99.6294","840.356"
285,0,"1378.99","-100.698","840.193"
286,0,"1379.64","-101.737","840.049"
287,0,"1380.25","-102.755","839.905"
288,0,"1380.9","-103.7","839.812"
289,0,"1381.57","-104.561","839.699"
290,0,"1382.33","-105.374","839.612"
291,0,"1383.13","-106.07","839.444"
292,0,"1384.08","-106.703","839.284"
293,0,"1384.92","-107.293","839.182"
294,0,"1385.68","-107.847","839.141"
295,0,"1386.44","-108.319","839.061"
296,0,"1387.16","-108.726","838.983"
297,0,"1387.8","-109.138","838.894"
298,0,"1388.38","-109.52","838.736"
299,0,"1389.02","-110.032","838.815"
300,0,"1389.33","-110.22","838.486"
301,0,"1389.71","-110.549","838.334"
302,0,"1389.99","-110.815","838.13"
303,0,"1390.27","-111.074","837.964"
304,0,"1390.52","-111.389","837.855"
305,0,"1390.69","-111.701","837.77"
306,0,"1390.82","-111.97","837.674"
307,0,"1391.02","-112.352","837.723"
308,0,"1390.92","-112.347","837.398"
309,0,"1390.93","-112.488","837.262"
310,0,"1390.95","-112.609","837.14"
311,0,"1390.91","-112.688","837.081"
312,0,"1390.87","-112.658","836.974"
313,0,"1390.76","-112.508","836.887"
314,0,"1390.78","-112.413","836.969"
315,0,"1390.41","-111.176","836.132"
316,0,"1389.98","-110.781","836.288"
317,0,"1390","-110.447","836.314"
318,0,"1390.06","-110.101","836.367"
319,0,"1390.16","-109.681","836.479"
320,0,"1390.41","-109.677","836.976"
321,0,"1390.38","-108.71","836.65"
322,0,"1390.53","-108.179","836.745"
323,0,"1390.71","-107.6","836.813"
324,0,"1390.89","-106.963","836.843"
325,0,"1391.11","-106.259","836.891"
326,0,"1391.37","-105.536","836.998"
327,0,"1391.61","-104.639","837.061"
328,0,"1391.87","-103.471","837.011"
329,0,"1392.32","-102.822","837.538"
330,0,"1392.25","-101.249","837.068"
331,0,"1392.19","-100.269","837.13"
332,0,"1392.15","-99.4003","837.309"
333,0,"nan","nan","nan"
334,0,"1393.32","-99.0653","838.771"
335,0,"1393.49","-98.0084","838.975"
336,0,"1393.6","-96.9671","839.188"
337,0,"1393.66","-95.8387","839.351"
338,0,"1393.7","-94.7586","839.563"
339,0,"1393.67","-93.6579","839.804"
340,0,"1393.6","-92.5559","840.092"
341,0,"1393.45","-91.466","840.397"
342,0,"1392.53","-89.4751","839.732"
343,0,"1392.31","-88.3759","840.256"
344,0,"1392.13","-87.4833","840.903"
345,0,"1391.75","-86.403","841.376"
346,0,"1391.16","-85.1925","841.653"
347,0,"1390.46","-83.9114","841.867"
348,0,"1389.65","-82.5889","842.119"
349,0,"1388.73","-81.2885","842.364"
350,0,"1387.57","-80.326","842.524"
351,0,"1386.45","-79.2767","842.988"
352,0,"1385.12","-77.9321","843.233"
353,0,"1383.6","-76.6519","843.338"
354,0,"1381.87","-75.3918","843.393"
355,0,"1379.98","-74.1295","843.384"
356,0,"1377.9","-72.865","843.357"
357,0,"1375.62","-71.6762","843.296"
358,0,"1373.16","-70.5432","843.145"
359,0,"1370.54","-69.4926","842.938"
360,0,"1367.8","-68.5259","842.633"
361,0,"1364.91","-67.7574","842.284"
362,0,"1361.86","-67.0492","841.836"
363,0,"1358.6","-66.4444","841.241"
364,0,"1355.17","-66.1223","840.583"
365,0,"1351.52","-65.7861","839.987"
366,0,"1347.58","-65.4521","838.75"
367,0,"1343.5","-65.3191","837.935"
368,0,"1339.18","-65.2713","836.873"
369,0,"1334.63","-65.2516","835.752"
370,0,"1330.01","-64.3672","834.556"
371,0,"1325.08","-65.1731","833.834"
372,0,"1319.93","-65.0115","832.749"
373,0,"1314.66","-64.803","831.671"
374,0,"1309.28","-64.6187","830.559"
375,0,"1303.91","-64.3028","829.413"
376,0,"1298.43","-63.8366","828.201"
377,0,"1292.93","-63.1873","826.928"
378,0,"1287.13","-62.8954","825.971"
379,0,"1281.57","-61.7032","824.379"
380,0,"1276.16","-60.4558","822.914"
381,0,"1270.76","-59.0875","821.175"
382,0,"1265.61","-57.8139","819.365"
383,0,"1260.74","-56.6077","817.523"
384,0,"1256.24","-55.547","815.709"
385,0,"1252.05","-54.3813","813.841"
386,0,"1248.1","-53.0798","811.896"
387,0,"1244.32","-51.6303","809.759"
388,0,"1240.83","-50.1776","807.165"
389,0,"1237.56","-48.7838","804.221"
390,0,"1234.58","-47.4199","801.201"
391,0,"1231.8","-46.1335","798.248"
392,0,"1229.09","-44.8739","795.277"
393,0,"1226.52","-43.6765","792.164"
394,0,"1224.13","-42.4328","788.896"
395,0,"1221.88","-41.2606","785.54"
396,0,"1219.79","-40.1387","782.089"
397,0,"1217.89","-39.0759","778.628"
398,0,"1216.18","-38.0987","775.27"
399,0,"1214.69","-37.0897","772.046"
400,0,"1213.34","-36.0725","768.924"
401,0,"1212.16","-35.1385","765.923"
402,0,"1211.15","-34.1873","763.026"
403,0,"1210.24","-33.3739","760.333"
404,0,"1209.54","-32.5184","757.826"
405,0,"1208.92","-31.6832","755.5"
406,0,"1208.35","-30.9252","753.276"
407,0,"1207.78","-30.2004","751.152"
408,0,"1207.26","-29.5664","749.21"
409,0,"1206.81","-28.8798","747.396"
410,0,"1206.44","-28.2375","745.687"
411,0,"1206.13","-27.6097","744.083"
412,0,"1205.98","-27.1721","742.627"
413,0,"1205.98","-26.7518","741.247"
414,0,"1206.13","-26.3983","740"
415,0,"1206.4","-26.103","738.881"
416,0,"1206.84","-25.7386","737.783"
417,0,"1207.44","-25.4224","736.712"
418,0,"1208.2","-25.1904","735.604"
419,0,"1209.18","-25.0062","734.45"
420,0,"1210.25","-24.9871","733.33"
421,0,"1211.45","-25.1369","732.225"
422,0,"1212.78","-25.2932","731.033"
423,0,"1214.11","-25.6818","729.936"
424,0,"1215.55","-26.1196","728.859"
425,0,"1217.05","-26.7277","727.848"
426,0,"1218.63","-27.4603","726.842"
427,0,"1220.31","-28.3487","725.908"
428,0,"1222.09","-29.3553","725.072"
429,0,"1223.94","-30.5566","724.338"
430,0,"1225.89","-31.944","723.728"
431,0,"1227.99","-33.4258","723.152"
432,0,"1230.07","-35.0921","722.601"
433,0,"1232.25","-36.8219","722.026"
434,0,"1234.46","-38.7049","721.444"
435,0,"1236.67","-40.7122","720.778"
436,0,"1238.98","-42.85","720.093"
437,0,"1241.22","-45.1555","719.439"
438,0,"1243.6","-47.5624","718.76"
439,0,"1246.01","-50.1695","718.157"
440,0,"1248.56","-52.8558","717.501"
441,0,"1251.09","-55.6192","716.862"
442,0,"1253.75","-58.5242","716.337"
443,0,"1256.59","-61.6623","715.913"
444,0,"1259.53","-64.7974","715.525"
445,0,"1262.44","-67.9849","715.081"
446,0,"1265.43","-71.2926","714.605"
447,0,"1268.45","-74.7323","714.146"
448,0,"1271.5","-78.2408","713.665"
449,0,"1274.5","-81.8266","713.155"
450,0,"1277.62","-85.478","712.653"
451,0,"1280.74","-89.2364","712.143"
452,0,"1283.81","-93.0279","711.627"
453,0,"1286.92","-96.8791","710.996"
454,0,"1290.04","-100.907","710.306"
455,0,"1293.23","-105.064","709.706"
456,0,"1296.39","-109.193","708.694"
457,0,"1299.51","-113.601","707.778"
458,0,"1302.65","-118.1","706.868"
459,0,"1305.88","-122.78","706.066"
460,0,"1309.31","-127.644","705.387"
461,0,"1312.98","-132.762","704.813"
462,0,"1316.99","-138.199","704.278"
463,0,"1321.62","-143.904","703.806"
464,0,"1327.09","-149.323","703.134"
465,0,"1333.18","-155.358","703.377"
466,0,"1339.98","-161.58","704.308"
467,0,"1347.29","-167.688","706.23"
468,0,"1354.75","-173.416","709.287"
469,0,"1361.63","-178.505","713.857"
470,0,"1367.18","-183.13","720.161"
471,0,"1371.27","-187.829","728.617"
472,0,"1373.81","-192.337","738.161"
473,0,"1374.96","-198.977","750.117"
474,0,"1375.67","-206.374","763.032"
475,0,"1374.54","-213.156","775.882"
476,0,"1373.99","-222.601","791.17"
477,0,"1373.11","-230.153","805.193"
478,0,"1372.89","-236.936","818.68"
479,0,"1373","-243.644","832.208"
480,0,"1373.65","-250.537","846.279"
481,0,"1374.72","-257.23","860.889"
482,0,"1376.23","-263.698","876.157"
483,0,"1378.11","-269.176","891.945"
484,0,"1379.84","-273.415","908.356"
485,0,"1381.55","-276.355","925.342"
486,0,"1383.71","-277.772","942.669"
487,0,"1386.79","-277.53","960.337"
488,0,"1390.94","-275.748","978.292"
489,0,"1395.94","-271.708","996.37"
490,0,"1401.51","-266.316","1014.75"
491,0,"1407.13","-258.154","1031.62"
492,0,"1412.01","-248.897","1047.51"
493,0,"1416.14","-237.532","1063.39"
494,0,"1418.03","-226.586","1077.98"
495,0,"1418.38","-216.487","1090.98"
496,0,"nan","nan","nan"
497,0,"nan","nan","nan"
498,0,"1410.05","-187.244","1125.45"
499,0,"1406.41","-179.181","1134.68"
500,0,"1401.2","-171.48","1144.01"
501,0,"1394.99","-164.676","1152.5"
502,0,"1388.28","-158.52","1160.34"
503,0,"1380.72","-152.922","1167.9"
504,0,"1372.52","-148.373","1174.91"
505,0,"1363.54","-145.832","1181.43"
506,0,"1354.58","-143.935","1187.09"
507,0,"1345.63","-143.252","1192.09"
508,0,"1336.84","-144.599","1195.65"
509,0,"1329","-147.405","1197.92"
510,0,"1321.75","-151.728","1198.82"
511,0,"1314.61","-157.94","1198.04"
512,0,"1308.68","-164.198","1196.21"
513,0,"1303.33","-171.392","1193.18"
514,0,"1298.67","-179.43","1189.19"
515,0,"1294.56","-188.105","1184.36"
516,0,"1290.88","-197.205","1179.16"
517,0,"1287.29","-206.813","1173.76"
518,0,"1283.94","-216.761","1168.23"
519,0,"1280.98","-225.964","1163.05"
520,0,"1278.15","-236.966","1157.38"
521,0,"1275.61","-246.896","1151.96"
522,0,"1273.2","-256.584","1146.37"
523,0,"1270.95","-266.191","1140.1"
524,0,"1269.09","-275.39","1132.7"
525,0,"1266.71","-285.147","1124.35"
526,0,"1264.61","-294.896","1114.38"
527,0,"1262.6","-304.62","1103"
528,0,"1260.66","-314.257","1090.37"
529,0,"1258.74","-323.766","1076.42"
530,0,"1256.82","-332.963","1061.05"
531,0,"1254.98","-341.693","1044.16"
532,0,"1253.24","-349.966","1025.82"
533,0,"1251.61","-357.944","1006.26"
534,0,"1250.11","-365.894","985.754"
535,0,"1248.86","-374.022","964.581"
536,0,"1247.8","-382.272","942.643"
537,0,"1246.82","-390.222","919.932"
538,0,"1245.83","-398.009","896.592"
539,0,"1244.95","-406.599","872.509"
540,0,"1243.33","-413.704","848.885"
541,0,"1241.31","-419.544","824.409"
542,0,"1239.24","-424.424","801.528"
543,0,"1238.2","-427.986","783.671"
544,0,"1237.86","-431.783","770.162"
545,0,"1238.28","-436.633","759.7"
546,0,"1238.81","-443.753","752.115"
547,0,"1236.46","-450.99","748.193"
548,0,"1232.16","-458.378","747.141"
549,0,"1226.49","-464.008","749.092"
550,0,"1219.87","-469.814","751.18"
551,0,"1213.25","-475.595","754.069"
552,0,"1207.19","-481.23","758.094"
553,0,"1202.12","-485.817","763.67"
554,0,"1197.49","-491.06","770.036"
555,0,"1194.26","-495.893","777.189"
556,0,"1193.03","-500.531","784.264"
557,0,"1193.3","-505.014","790.684"
558,0,"1194.7","-509.288","796.366"
559,0,"1196.73","-513.419","801.288"
560,0,"1199.29","-517.482","805.521"
561,0,"1202.18","-521.552","809.05"
562,0,"1205.36","-525.753","811.862"
563,0,"1208.72","-530.04","814.088"
564,0,"1212.16","-534.326","815.861"
565,0,"1215.58","-538.594","817.334"
566,0,"1218.94","-542.796","818.619"
567,0,"1222.34","-546.143","820.193"
568,0,"1225.44","-551.182","820.811"
569,0,"1228.49","-554.919","822.006"
570,0,"1231.29","-558.558","823.288"
571,0,"1233.9","-562.174","824.696"
572,0,"1236.35","-565.903","826.171"
573,0,"1238.69","-569.811","827.722"
574,0,"1240.98","-573.92","829.358"
575,0,"1243.16","-578.919","830.862"
576,0,"1245.63","-582.49","832.966"
577,0,"1247.67","-587.709","834.429"
578,0,"1249.63","-593.132","835.976"
579,0,"1251.99","-598.463","838.042"
580,0,"1254.44","-603.452","840.696"
581,0,"1256.84","-608.906","843.392"
582,0,"1260.06","-613.832","846.525"
583,0,"1262.15","-619.481","849.749"
584,0,"1264.98","-624.903","853.339"
585,0,"1267.92","-630.46","857.303"
586,0,"1270.76","-636.277","861.65"
587,0,"1273.08","-642.4","866.325"
588,0,"1276.49","-648.268","871.189"
589,0,"1279.68","-654.38","876.416"
590,0,"1283.07","-660.811","881.539"
591,0,"1287.65","-668.094","885.766"
592,0,"1289.81","-672.996","891.012"
593,0,"1293.74","-679.31","895.459"
594,0,"1297.9","-685.676","899.584"
595,0,"1302.37","-692.007","903.299"
596,0,"1307.07","-698.322","906.579"
597,0,"1312.03","-704.618","909.345"
598,0,"1317.25","-710.934","911.432"
599,0,"1322.61","-717.214","912.791"
600,0,"1327.99","-723.462","913.368"
601,0,"1333.35","-729.658","913.042"
602,0,"1338.63","-735.605","911.956"
603,0,"1344.64","-741.197","909.868"
604,0,"1349.05","-746.068","907.92"
605,0,"1353.56","-751.564","904.698"
606,0,"1357.96","-756.981","900.567"
607,0,"1362.14","-762.397","895.656"
608,0,"1366.25","-767.912","889.955"
609,0,"1370.28","-773.514","883.511"
610,0,"1374.19","-779.203","876.428"
611,0,"1377.98","-784.92","868.732"
612,0,"1381.71","-790.575","860.539"
613,0,"1385.31","-796.22","851.928"
614,0,"1388.8","-802.661","843.037"
615,0,"1392.56","-808.541","834.252"
616,0,"1396.64","-814.69","825.571"
617,0,"1400.98","-820.882","817.428"
618,0,"1405.42","-827.371","810.359"
619,0,"1410.25","-834.384","804.692"
620,0,"1415.74","-841.676","800.802"
621,0,"1420.95","-849.075","798.356"
622,0,"1425.45","-855.382","796.413"
623,0,"1428.71","-860.968","793.772"
624,0,"1430.52","-866.036","792.029"
625,0,"1433.28","-870.622","793.245"
626,0,"1436.48","-875.086","795.983"
627,0,"1439.24","-879.303","798.867"
628,0,"1441.88","-883.479","802.331"
629,0,"1444.61","-887.871","806.422"
630,0,"1447.33","-892.388","810.687"
631,0,"1450.16","-896.994","815.017"
632,0,"1453.1","-901.566","819.495"
633,0,"1455.45","-905.321","823.605"
634,0,"1459.16","-910.621","828.436"
635,0,"1462.6","-915.523","832.993"
636,0,"1465.73","-919.799","837.166"
637,0,"1468.92","-923.87","841.291"
638,0,"1472.09","-927.755","845.36"
639,0,"1475.36","-931.493","849.471"
640,0,"1478.67","-935.238","853.487"
641,0,"1482.03","-939.082","857.337"
642,0,"1485.5","-943.056","861.005"
643,0,"1488.9","-947.622","864.336"
644,0,"1492.38","-952.483","867.406"
645,0,"1495.93","-957.353","869.918"
646,0,"1499.49","-962.418","871.927"
647,0,"1503.14","-967.614","873.457"
648,0,"1506.86","-972.933","874.531"
649,0,"1510.65","-978.283","875.201"
650,0,"1514.42","-983.713","875.413"
651,0,"1518.13","-989.149","875.142"
652,0,"1521.78","-994.691","874.34"
653,0,"1525.33","-1000.27","873.089"
654,0,"1528.83","-1005.85","871.303"
655,0,"1532.25","-1011.41","869"
656,0,"1535.68","-1016.95","866.284"
657,0,"1539.07","-1022.47","863.251"
658,0,"1542.51","-1027.97","859.959"
659,0,"1545.94","-1033.46","856.501"
660,0,"1548.91","-1039.14","853.033"
661,0,"1552.23","-1043.87","849.963"
662,0,"1556.31","-1049.67","845.751"
663,0,"1560.11","-1054.83","842.325"
664,0,"1564.07","-1059.83","839.079"
665,0,"1568.07","-1064.86","836.085"
666,0,"1571.77","-1069.81","833.331"
667,0,"1575","-1074.74","830.566"
668,0,"1577.8","-1079.37","828.011"
669,0,"1580.41","-1083.69","826.073"
670,0,"1583.05","-1087.96","824.847"
671,0,"1585.8","-1092.06","824.468"
672,0,"1588.49","-1096.06","824.475"
673,0,"1591.04","-1099.99","824.598"
674,0,"1593.52","-1103.71","824.844"
675,0,"nan","nan","nan"
676,0,"1599.08","-1112.58","824.108"
677,0,"1600.91","-1115.46","825.237"
678,0,"1602.9","-1118.54","826.003"
679,0,"1604.76","-1121.49","826.724"
680,0,"1606.43","-1124.26","827.559"
681,0,"1607.85","-1126.9","828.534"
682,0,"1609.14","-1129.45","829.74"
683,0,"1610.29","-1131.82","831.064"
684,0,"1611.38","-1134.07","832.55"
685,0,"1612.33","-1136.21","834.158"
686,0,"1613.18","-1138.27","835.855"
687,0,"1613.92","-1140.25","837.615"
688,0,"1614.58","-1142.16","839.403"
689,0,"1615.2","-1143.99","841.178"
690,0,"1615.77","-1145.79","842.948"
691,0,"1616.3","-1147.65","844.65"
692,0,"1616.77","-1149.58","846.178"
693,0,"1617.17","-1151.55","847.516"
694,0,"1617.5","-1153.56","848.612"
695,0,"1617.8","-1155.43","849.565"
696,0,"1618.62","-1154.54","851.711"
697,0,"1618.09","-1157.88","851.519"
698,0,"1617.02","-1161.62","851.106"
699,0,"1617.67","-1164.25","849.943"
700,0,"1617.93","-1165.56","849.583"
701,0,"1617.75","-1167.23","848.742"
702,0,"1617.59","-1168.68","847.497"
703,0,"1617.34","-1170.74","845.282"
704,0,"1617.17","-1171.71","843.162"
705,0,"1616.72","-1173.22","840.266"
706,0,"1616.01","-1174.84","836.974"
707,0,"1615.31","-1175.58","833.826"
708,0,"1614.65","-1176.76","830.058"
709,0,"1613.07","-1177.86","826.772"
710,0,"1611.48","-1178.77","823.753"
711,0,"1610.1","-1180.44","820.518"
712,0,"1609.32","-1180.3","818.666"
713,0,"1609.09","-1179.72","817.188"
714,0,"1608.56","-1177.76","817.182"
715,0,"1609","-1176.71","816.241"
716,0,"1608.81","-1176.6","815.417"
717,0,"1608.68","-1176.63","814.958"
718,0,"1608.52","-1176.76","814.835"
719,0,"1608.29","-1177.02","815.01"
720,0,"nan","nan","nan"
721,0,"1607.59","-1177.58","816.385"
722,0,"1607.1","-1177.67","817.431"
723,0,"1607.67","-1181.33","815.462"
724,0,"1606.77","-1181.16","816.695"
725,0,"1605.94","-1180.93","817.824"
726,0,"1605.22","-1180.74","818.897"
727,0,"1604.49","-1180.57","819.891"
728,0,"1603.77","-1180.54","820.787"
729,0,"1602.97","-1180.62","821.503"
730,0,"1602.14","-1180.78","821.973"
731,0,"1601.27","-1181.01","822.255"
732,0,"1600.4","-1181.29","822.43"
733,0,"1599.62","-1181.58","822.466"
734,0,"1598.84","-1181.89","822.421"
735,0,"1598.1","-1182.14","822.277"
736,0,"1597.37","-1182.26","822.01"
737,0,"1596.66","-1182.23","821.657"
738,0,"1596","-1182.05","821.244"
739,0,"1595.35","-1181.78","820.798"
740,0,"1594.73","-1181.44","820.402"
741,0,"1594.18","-1181.05","820.092"
742,0,"1593.6","-1180.62","819.911"
743,0,"1593.07","-1180.19","819.869"
744,0,"1592.53","-1179.75","819.93"
745,0,"1592","-1179.39","820.114"
746,0,"1591.46","-1179.04","820.348"
747,0,"1590.91","-1178.71","820.671"
748,0,"1590.36","-1178.5","821.135"
749,0,"1589.81","-1178.29","821.61"
750,0,"1589.24","-1178.1","822.161"
751,0,"1588.68","-1177.99","822.789"
752,0,"1588.08","-1177.9","823.444"
753,0,"1587.46","-1177.81","824.143"
754,0,"1586.83","-1177.77","824.894"
755,0,"1586.21","-1177.76","825.671"
756,0,"1585.61","-1177.77","826.504"
757,0,"1585","-1177.78","827.351"
758,0,"1584.42","-1177.78","828.171"
759,0,"1583.84","-1177.77","828.973"
760,0,"1583.25","-1177.72","829.738"
761,0,"1582.63","-1177.58","830.366"
762,0,"1581.97","-1177.33","830.948"
763,0,"1581.29","-1176.99","831.446"
764,0,"1580.63","-1176.6","831.87"
765,0,"1579.94","-1176.18","832.221"
766,0,"1579.28","-1175.8","832.539"
767,0,"1578.6","-1175.36","832.792"
768,0,"1577.92","-1174.95","832.999"
769,0,"1577.15","-1174.47","833.145"
770,0,"1576.38","-1173.97","833.212"
771,0,"1575.54","-1173.4","833.245"
772,0,"1574.72","-1172.83","833.244"
773,0,"1573.87","-1172.26","833.312"
774,0,"1573.04","-1171.67","833.373"
775,0,"1572.18","-1171.1","833.446"
776,0,"1571.26","-1170.46","833.514"
777,0,"1570.32","-1169.84","833.529"
778,0,"1569.38","-1169.21","833.545"
779,0,"1568.44","-1168.62","833.567"
780,0,"1567.52","-1168.02","833.564"
781,0,"1566.6","-1167.45","833.59"
782,0,"1565.71","-1166.89","833.58"
783,0,"1564.77","-1166.31","833.61"
784,0,"1563.87","-1165.74","833.603"
785,0,"1562.93","-1165.15","833.602"
786,0,"1562","-1164.55","833.604"
787,0,"1561.04","-1163.97","833.622"
788,0,"1560.12","-1163.36","833.647"
789,0,"1559.16","-1162.76","833.632"
790,0,"1558.23","-1162.12","833.623"
791,0,"1557.3","-1161.53","833.615"
792,0,"1556.4","-1160.91","833.569"
793,0,"1555.53","-1160.33","833.544"
794,0,"1554.73","-1159.73","833.522"
795,0,"1553.93","-1159.14","833.527"
796,0,"1553.19","-1158.53","833.544"
