Frame,Sub Frame,"Reconstruction Position - Unlabeled Track (397)",,
,,"TX","TY","TZ"
Frames,Frames,"mm","mm","mm"
1,0,"1355.84","0.683202","442.907"
2,0,"1355.85","0.689264","442.909"
3,0,"1355.84","0.708994","442.896"
4,0,"1355.83","0.717807","442.893"
5,0,"1355.81","0.741587","442.889"
6,0,"1355.81","0.756902","442.88"
7,0,"1355.79","0.786045","442.876"
8,0,"1355.78","0.816036","442.867"
9,0,"1355.79","0.846953","442.867"
10,0,"1355.78","0.879632","442.862"
11,0,"1355.77","0.887246","442.88"
12,0,"1355.76","0.926274","442.888"
13,0,"1355.75","0.929001","442.904"
14,0,"1355.77","0.939663","442.914"
15,0,"1355.79","0.922564","442.954"
16,0,"1355.78","0.94381","442.943"
17,0,"1355.75","0.968503","442.941"
18,0,"1355.76","0.978041","442.947"
19,0,"1355.75","1.00577","442.964"
20,0,"1355.77","1.00354","442.982"
21,0,"1355.75","1.07404","442.968"
22,0,"1355.73","1.1193","442.966"
23,0,"1355.73","1.14533","442.983"
24,0,"1355.72","1.18739","442.98"
25,0,"1355.72","1.20895","442.985"
26,0,"1355.7","1.23621","442.992"
27,0,"1355.69","1.26012","443.01"
28,0,"1355.63","1.30827","442.981"
29,0,"1355.59","1.37377","442.963"
30,0,"1355.54","1.4608","442.931"
31,0,"1355.53","1.4913","442.924"
32,0,"1355.55","1.49171","442.941"
33,0,"1355.51","1.53725","442.927"
34,0,"1355.5","1.559","442.929"
35,0,"1355.52","1.55635","442.96"
36,0,"1355.49","1.59461","442.958"
37,0,"1355.45","1.62864","442.955"
38,0,"1355.43","1.63668","442.965"
39,0,"1355.42","1.63819","442.981"
40,0,"1355.38","1.67654","442.955"
41,0,"1355.33","1.73977","442.909"
42,0,"1355.32","1.73555","442.9"
43,0,"1355.34","1.71581","442.918"
44,0,"1355.31","1.71128","442.903"
45,0,"1355.31","1.70817","442.901"
46,0,"1355.29","1.71612","442.9"
47,0,"1355.29","1.70434","442.926"
48,0,"1355.27","1.72704","442.932"
49,0,"1355.27","1.73582","442.95"
50,0,"1355.24","1.7702","442.937"
51,0,"1355.24","1.77821","442.943"
52,0,"1355.24","1.78561","442.942"
53,0,"1355.23","1.7922","442.93"
54,0,"1355.23","1.78065","442.928"
55,0,"1355.24","1.7723","442.931"
56,0,"1355.24","1.75358","442.931"
57,0,"1355.24","1.74758","442.935"
58,0,"1355.24","1.72411","442.947"
59,0,"1355.23","1.72385","442.944"
60,0,"1355.24","1.72276","442.943"
61,0,"1355.24","1.73947","442.94"
62,0,"1355.24","1.75049","442.943"
63,0,"1355.25","1.74273","442.954"
64,0,"1355.25","1.74544","442.958"
65,0,"1355.26","1.74547","442.959"
66,0,"1355.27","1.74864","442.947"
67,0,"1355.28","1.74968","442.95"
68,0,"1355.29","1.73506","442.954"
69,0,"1355.29","1.75989","442.938"
70,0,"1355.32","1.74052","442.944"
71,0,"1355.32","1.74945","442.94"
72,0,"1355.37","1.70733","442.953"
73,0,"1355.39","1.70809","442.939"
74,0,"1355.44","1.65503","442.985"
75,0,"1355.47","1.6137","442.986"
76,0,"1355.5","1.57824","442.993"
77,0,"1355.48","1.57272","442.965"
78,0,"1355.49","1.52464","442.962"
79,0,"1355.52","1.47398","442.982"
80,0,"1355.55","1.41478","442.972"
81,0,"1355.63","1.28392","442.986"
82,0,"1355.69","1.17861","443.009"
83,0,"1355.73","1.08464","442.993"
84,0,"1355.74","0.98539","442.967"
85,0,"1355.73","0.899153","442.897"
86,0,"1355.76","0.723571","442.91"
87,0,"1355.8","0.548139","442.907"
88,0,"1355.81","0.385056","442.892"
89,0,"1355.87","0.14619","442.9"
90,0,"1355.9","-0.074684","442.928"
91,0,"1355.91","-0.275921","442.912"
92,0,"1356","-0.541427","442.96"
93,0,"1355.95","-0.681092","442.9"
94,0,"1355.98","-0.86912","442.899"
95,0,"1355.97","-1.00267","442.882"
96,0,"1355.97","-1.16141","442.918"
97,0,"1355.97","-1.32561","442.957"
98,0,"1356.04","-1.4855","443.024"
99,0,"1356","-1.55755","443.025"
100,0,"1356.02","-1.64341","443.044"
101,0,"1356","-1.67804","443.042"
102,0,"1355.99","-1.72013","443.049"
103,0,"1355.97","-1.74434","443.056"
104,0,"1355.97","-1.75434","443.052"
105,0,"1355.95","-1.72874","443.033"
106,0,"1355.96","-1.71121","443.032"
107,0,"1355.95","-1.66795","443.024"
108,0,"1355.91","-1.6083","442.989"
109,0,"1355.89","-1.56136","442.989"
110,0,"1355.83","-1.46947","442.938"
111,0,"1355.84","-1.43302","442.955"
112,0,"1355.83","-1.38114","442.962"
113,0,"1355.81","-1.29574","442.952"
114,0,"1355.81","-1.21265","442.959"
115,0,"1355.83","-1.12979","442.957"
116,0,"1355.87","-1.06304","442.968"
117,0,"1355.91","-0.986833","442.987"
118,0,"1355.95","-0.898449","443.002"
119,0,"1355.95","-0.827672","443.006"
120,0,"1355.98","-0.751964","443.013"
121,0,"1356.04","-0.695329","443.039"
122,0,"1356.1","-0.608072","443.06"
123,0,"1356.18","-0.507955","443.056"
124,0,"1356.27","-0.424724","443.083"
125,0,"1356.41","-0.370946","443.142"
126,0,"1356.52","-0.282737","443.164"
127,0,"1356.6","-0.182463","443.164"
128,0,"1356.65","-0.0910323","443.148"
129,0,"1356.67","-0.0409337","443.149"
130,0,"1356.64","0.00919993","443.148"
131,0,"1356.52","0.090138","443.143"
132,0,"1356.4","0.149391","443.139"
133,0,"1356.24","0.239374","443.104"
134,0,"1356.14","0.270582","443.1"
135,0,"1356","0.348687","443.101"
136,0,"1355.91","0.403999","443.116"
137,0,"1355.74","0.508134","443.102"
138,0,"1355.62","0.552856","443.134"
139,0,"1355.49","0.610771","443.159"
140,0,"1355.31","0.728895","443.141"
141,0,"1355.11","0.81221","443.139"
142,0,"1354.98","0.824649","443.139"
143,0,"1354.84","0.873428","443.135"
144,0,"1354.67","0.922454","443.143"
145,0,"1354.52","0.998595","443.145"
146,0,"1354.41","1.0525","443.163"
147,0,"1354.26","1.1228","443.179"
148,0,"1354.06","1.25246","443.162"
149,0,"1353.83","1.382","443.126"
150,0,"1353.68","1.44386","443.162"
151,0,"1353.56","1.50451","443.175"
152,0,"1353.42","1.58982","443.166"
153,0,"1353.29","1.63997","443.141"
154,0,"1353.21","1.70818","443.11"
155,0,"1353.15","1.7473","443.112"
156,0,"1353.08","1.8256","443.094"
157,0,"1353.01","1.9037","443.107"
158,0,"1352.88","2.07902","443.073"
159,0,"1352.83","2.17005","443.133"
160,0,"1352.77","2.27061","443.157"
161,0,"1352.65","2.3866","443.162"
162,0,"1352.57","2.47846","443.166"
163,0,"1352.46","2.58537","443.141"
164,0,"1352.29","2.73061","443.081"
165,0,"1352.2","2.78306","443.12"
166,0,"1351.99","2.94491","443.092"
167,0,"1351.83","3.038","443.105"
168,0,"1351.65","3.12542","443.115"
169,0,"1351.48","3.2125","443.138"
170,0,"1351.35","3.25435","443.188"
171,0,"1351.16","3.33138","443.191"
172,0,"1351.02","3.37948","443.226"
173,0,"1350.78","3.5083","443.186"
174,0,"1350.58","3.59828","443.17"
175,0,"1350.4","3.63578","443.165"
176,0,"1350.22","3.67617","443.173"
177,0,"1350.04","3.70735","443.173"
178,0,"1349.9","3.72598","443.18"
179,0,"1349.68","3.76444","443.128"
180,0,"1349.47","3.77339","443.106"
181,0,"1349.23","3.79567","443.08"
182,0,"1349.02","3.78738","443.025"
183,0,"1348.78","3.76282","442.977"
184,0,"1348.6","3.66374","443.011"
185,0,"1348.4","3.57985","442.993"
186,0,"1348.19","3.51354","442.948"
187,0,"1348.01","3.4354","442.908"
188,0,"1347.81","3.42981","442.84"
189,0,"1347.61","3.46993","442.762"
190,0,"1347.51","3.50798","442.679"
191,0,"1347.41","3.53539","442.636"
192,0,"1347.36","3.58356","442.56"
193,0,"1347.3","3.63678","442.498"
194,0,"1347.25","3.69681","442.422"
195,0,"1347.1","3.78095","442.272"
196,0,"1346.85","3.82124","442.173"
197,0,"1346.57","3.78263","442.053"
198,0,"1346.21","3.68241","441.92"
199,0,"1345.81","3.53526","441.75"
200,0,"1345.37","3.31016","441.595"
201,0,"1344.87","3.03272","441.497"
202,0,"1344.28","2.66122","441.36"
203,0,"1343.67","2.13546","441.244"
204,0,"1343.02","1.47933","441.15"
205,0,"1342.16","0.660376","440.985"
206,0,"1341.23","-0.38144","440.903"
207,0,"1340.1","-1.66865","440.787"
208,0,"1338.8","-3.25559","440.662"
209,0,"1337.37","-5.1744","440.553"
210,0,"1335.82","-7.56937","440.449"
211,0,"1334.17","-10.4872","440.453"
212,0,"1332.44","-14.0066","440.578"
213,0,"1330.49","-18.159","440.765"
214,0,"1328.27","-22.8827","441.098"
215,0,"1325.78","-28.1838","441.663"
216,0,"1323.09","-33.9787","442.453"
217,0,"1320.05","-40.0004","443.342"
218,0,"1316.77","-46.1735","444.271"
219,0,"1313.41","-52.5281","445.265"
220,0,"1309.71","-58.644","445.982"
221,0,"1306.09","-64.5057","446.411"
222,0,"1301.57","-69.0042","445.462"
223,0,"1297.91","-74.3668","445.61"
224,0,"1294.35","-79.6858","445.959"
225,0,"1290.89","-84.7074","446.632"
226,0,"1287.48","-89.5209","447.735"
227,0,"1284.05","-94.092","449.118"
228,0,"1280.53","-98.3741","450.618"
229,0,"1276.9","-102.368","452.114"
230,0,"1273.04","-106.004","453.533"
231,0,"1268.91","-109.312","454.889"
232,0,"1264.53","-112.217","456.199"
233,0,"1259.91","-114.791","457.519"
234,0,"1255.18","-116.96","458.912"
235,0,"1250.39","-118.703","460.272"
236,0,"1245.6","-120.097","461.68"
237,0,"1240.75","-121.188","462.974"
238,0,"1235.89","-121.919","464.172"
239,0,"1231.02","-122.372","465.219"
240,0,"1226.19","-122.534","466.095"
241,0,"1221.47","-122.466","466.891"
242,0,"1216.87","-122.155","467.583"
243,0,"1212.54","-121.657","468.164"
244,0,"1208.62","-120.974","468.668"
245,0,"1205.28","-119.993","468.996"
246,0,"1202.65","-118.876","469.102"
247,0,"1200.67","-117.578","468.899"
248,0,"1199.4","-116.193","468.321"
249,0,"1198.85","-114.877","467.36"
250,0,"1198.86","-113.994","466.108"
251,0,"1199.02","-113.555","464.61"
252,0,"1199.21","-113.029","463.073"
253,0,"1199.41","-112.18","461.646"
254,0,"1199.69","-111.18","460.58"
255,0,"1199.61","-110.602","460.051"
256,0,"1200.27","-110.233","460.135"
257,0,"1201.7","-110.753","460.528"
258,0,"1203.66","-111.176","460.703"
259,0,"1206.39","-112.882","461.298"
260,0,"1208.67","-114.014","461.474"
261,0,"1210.76","-114.666","461.469"
262,0,"1212.56","-115.787","461.691"
263,0,"1215.43","-115.914","461.196"
264,0,"1215.09","-117.71","462.529"
265,0,"1217.01","-118.168","462.637"
266,0,"1218.95","-118.493","462.652"
267,0,"1222.05","-117.622","461.57"
268,0,"1223.17","-118.379","462.682"
269,0,"1223.07","-119.714","463.775"
270,0,"1224.93","-119.207","463.38"
271,0,"1226.27","-119.265","463.609"
272,0,"1227.86","-119.093","463.636"
273,0,"1228.92","-119.307","463.994"
274,0,"1229.91","-119.46","464.331"
275,0,"1230.85","-119.531","464.695"
276,0,"1231.73","-119.624","465.088"
277,0,"1232.66","-119.614","465.403"
278,0,"1233.61","-119.532","465.663"
279,0,"1234.52","-119.483","465.919"
280,0,"1235.43","-119.368","466.15"
281,0,"1236.34","-119.221","466.356"
282,0,"1237.17","-119.116","466.53"
283,0,"1238.09","-119.064","466.694"
284,0,"1238.95","-119.081","466.855"
285,0,"1239.74","-119.105","466.982"
286,0,"1240.38","-119.21","467.123"
287,0,"1241.03","-119.409","467.267"
288,0,"1241.7","-119.694","467.373"
289,0,"1242.3","-120.101","467.449"
290,0,"1242.96","-120.579","467.492"
291,0,"1243.49","-121.173","467.553"
292,0,"1243.93","-121.791","467.636"
293,0,"1244.38","-122.46","467.776"
294,0,"1244.81","-123.063","467.894"
295,0,"1245.18","-123.743","468.022"
296,0,"1245.51","-124.396","468.13"
297,0,"1245.79","-125.002","468.242"
298,0,"1246","-125.668","468.376"
299,0,"1246.18","-126.25","468.526"
300,0,"1246.35","-126.832","468.706"
301,0,"1246.56","-127.413","468.864"
302,0,"1246.82","-127.905","468.964"
303,0,"1247.03","-128.26","469.037"
304,0,"1247.14","-128.431","469.071"
305,0,"1247.16","-128.444","469.108"
306,0,"1247.11","-128.347","469.142"
307,0,"1247.06","-128.152","469.15"
308,0,"1247","-127.916","469.159"
309,0,"1246.97","-127.617","469.213"
310,0,"1247","-127.298","469.275"
311,0,"1247.05","-127.012","469.348"
312,0,"1247.22","-126.728","469.424"
313,0,"1247.5","-126.464","469.45"
314,0,"1247.87","-126.24","469.483"
315,0,"1248.34","-126.033","469.495"
316,0,"1248.86","-125.833","469.523"
317,0,"1249.46","-125.564","469.57"
318,0,"1250.1","-125.252","469.599"
319,0,"1250.75","-124.931","469.642"
320,0,"1251.46","-124.624","469.669"
321,0,"1252.15","-124.364","469.735"
322,0,"1252.89","-124.085","469.774"
323,0,"1253.68","-123.786","469.842"
324,0,"1254.42","-123.492","469.918"
325,0,"1255.25","-123.121","469.99"
326,0,"1256.03","-122.731","470.031"
327,0,"1256.81","-122.365","470.011"
328,0,"1257.58","-122.029","470.024"
329,0,"1256.76","-122.576","470.675"
330,0,"1258.3","-121.687","470.416"
331,0,"1258.96","-121.254","470.513"
332,0,"1259.65","-120.726","470.594"
333,0,"1260.27","-120.222","470.692"
334,0,"1260.97","-119.701","470.706"
335,0,"1262.58","-118.803","470.283"
336,0,"1263.09","-118.499","470.348"
337,0,"1263.81","-118.068","470.315"
338,0,"1264.36","-117.627","470.323"
339,0,"1264.74","-117.167","470.331"
340,0,"1265.05","-116.629","470.384"
341,0,"1265.19","-116.127","470.415"
342,0,"1265.21","-115.632","470.412"
343,0,"1265.11","-115.195","470.39"
344,0,"1264.95","-114.772","470.36"
345,0,"1265.12","-114","470.339"
346,0,"1264.64","-113.679","470.366"
347,0,"1263.69","-113.681","470.432"
348,0,"1262.83","-113.473","470.429"
349,0,"1261.72","-113.351","470.426"
350,0,"1260.43","-113.344","470.377"
351,0,"1258.92","-113.129","470.006"
352,0,"1257.21","-113.49","470.111"
353,0,"1255.19","-114.266","470.212"
354,0,"1252.76","-114.263","469.714"
355,0,"1249.97","-114.61","469.534"
356,0,"1246.96","-115.357","469.321"
357,0,"1243.62","-116.257","468.996"
358,0,"1240.23","-117.606","469.02"
359,0,"1235.96","-118.256","468.243"
360,0,"1231.67","-119.206","467.659"
361,0,"1227.41","-120.505","467.47"
362,0,"1223.02","-121.828","466.767"
363,0,"1217.93","-122.717","466.052"
364,0,"1212.43","-123.504","465.193"
365,0,"1206.51","-124.223","464.225"
366,0,"1200.31","-124.876","463.24"
367,0,"1193.86","-125.48","462.177"
368,0,"1187.24","-125.89","461.003"
369,0,"1180.46","-126.067","459.798"
370,0,"1173.47","-125.989","458.537"
371,0,"1166.3","-125.769","457.215"
372,0,"1159.07","-125.371","455.715"
373,0,"1151.79","-124.805","454.04"
374,0,"1144.5","-124.152","452.215"
375,0,"1137.34","-123.331","450.295"
376,0,"1130.16","-122.425","448.252"
377,0,"1123.03","-121.454","446.158"
378,0,"1115.96","-120.467","443.957"
379,0,"1108.97","-119.498","441.685"
380,0,"1102.08","-118.422","439.352"
381,0,"1095.31","-117.253","437.056"
382,0,"1088.59","-115.926","434.718"
383,0,"1081.92","-114.529","432.325"
384,0,"1075.4","-113.159","429.812"
385,0,"1069.11","-111.954","427.192"
386,0,"1063.09","-110.988","424.485"
387,0,"1057.35","-110.229","421.732"
388,0,"1051.78","-109.627","418.927"
389,0,"1046.38","-109.17","416.154"
390,0,"1041.13","-108.859","413.444"
391,0,"1036.11","-108.606","410.781"
392,0,"1031.28","-108.357","408.163"
393,0,"1026.6","-108.06","405.495"
394,0,"1022.09","-107.694","402.73"
395,0,"1017.87","-107.511","399.879"
396,0,"1013.9","-107.667","397.013"
397,0,"1010.32","-108.07","394.29"
398,0,"1006.79","-108.72","391.806"
399,0,"1003.4","-109.478","389.577"
400,0,"1000.12","-110.268","387.574"
401,0,"996.994","-111.07","385.787"
402,0,"994.008","-111.912","384.075"
403,0,"991.212","-112.845","382.472"
404,0,"988.728","-113.958","380.924"
405,0,"986.556","-115.292","379.397"
406,0,"984.733","-116.877","377.987"
407,0,"983.134","-118.657","376.732"
408,0,"981.724","-120.541","375.564"
409,0,"980.484","-122.547","374.574"
410,0,"979.397","-124.734","373.773"
411,0,"978.488","-127.033","373.182"
412,0,"977.772","-129.443","372.816"
413,0,"977.123","-131.959","372.618"
414,0,"976.516","-134.495","372.624"
415,0,"975.922","-137.005","372.867"
416,0,"975.348","-139.477","373.308"
417,0,"974.777","-141.825","373.915"
418,0,"974.232","-144.038","374.645"
419,0,"973.727","-146.202","375.548"
420,0,"973.341","-148.182","376.488"
421,0,"972.991","-149.981","377.508"
422,0,"972.739","-151.612","378.548"
423,0,"972.535","-152.995","379.568"
424,0,"972.354","-154.095","380.53"
425,0,"972.169","-155.001","381.493"
426,0,"972.021","-155.693","382.477"
427,0,"971.927","-156.325","383.487"
428,0,"972.043","-156.946","384.541"
429,0,"972.228","-157.524","385.584"
430,0,"972.503","-158.109","386.662"
431,0,"972.888","-158.675","387.777"
432,0,"973.407","-159.288","388.895"
433,0,"974.078","-159.997","389.976"
434,0,"974.981","-160.831","391.029"
435,0,"976.006","-161.794","392.039"
436,0,"977.148","-162.866","393.079"
437,0,"978.406","-164.017","394.089"
438,0,"979.747","-165.221","395.1"
439,0,"981.166","-166.472","396.08"
440,0,"982.629","-167.672","397.005"
441,0,"984.116","-168.925","397.862"
442,0,"985.736","-170.188","398.657"
443,0,"987.412","-171.589","399.417"
444,0,"989.236","-173.121","400.124"
445,0,"991.229","-174.854","400.795"
446,0,"993.373","-176.728","401.38"
447,0,"995.688","-178.833","401.897"
448,0,"998.146","-181.183","402.322"
449,0,"1000.79","-183.774","402.675"
450,0,"1003.63","-186.574","402.941"
451,0,"1006.64","-189.646","403.147"
452,0,"1009.8","-192.979","403.323"
453,0,"1013.14","-196.717","403.464"
454,0,"1016.69","-200.739","403.576"
455,0,"1020.5","-205.069","403.646"
456,0,"1024.48","-209.749","403.686"
457,0,"1028.75","-214.642","403.666"
458,0,"1033.27","-219.7","403.57"
459,0,"1038.1","-224.753","403.346"
460,0,"1043.26","-229.83","402.903"
461,0,"1049.05","-235.184","402.172"
462,0,"1055.67","-240.947","401.154"
463,0,"1063.35","-247.251","399.918"
464,0,"1072.53","-254.339","398.285"
465,0,"1083.34","-262.241","395.916"
466,0,"1095.71","-270.294","392.564"
467,0,"1109.4","-277.914","388.286"
468,0,"1121.05","-283.428","386.69"
469,0,"1128.74","-287.584","388.995"
470,0,"1135.98","-291.019","391.12"
471,0,"1142.85","-294.223","393.335"
472,0,"1149.43","-297.329","396.697"
473,0,"1156.41","-300.366","401.431"
474,0,"1164.53","-303.255","407.184"
475,0,"1173.82","-305.819","413.612"
476,0,"1184.43","-307.656","420.724"
477,0,"1196.37","-308.142","428.41"
478,0,"1209.26","-306.68","436.874"
479,0,"1222.4","-302.803","446.578"
480,0,"1234.52","-296.486","457.919"
481,0,"1244.77","-288.406","470.774"
482,0,"1253.18","-279.273","484.593"
483,0,"1260.77","-269.44","499.193"
484,0,"1269.1","-259.374","514.822"
485,0,"1279.21","-250.391","531.408"
486,0,"1292.03","-244.002","548.573"
487,0,"1307.1","-240.639","565.338"
488,0,"1322.69","-239.86","581.588"
489,0,"1333.07","-243.112","598.79"
490,0,"1342.61","-245.89","614.286"
491,0,"1348.25","-249.63","629.716"
492,0,"1352.09","-253.369","643.862"
493,0,"1355.32","-255.944","656.881"
494,0,"1363.26","-253.569","667.756"
495,0,"1367.24","-255.47","679.517"
496,0,"1373.7","-253.811","690.085"
497,0,"1377.77","-252.59","702.425"
498,0,"1383.08","-250.684","713.273"
499,0,"1388.38","-248.545","723.67"
500,0,"1393.05","-246.371","733.734"
501,0,"1397.27","-244.263","743.595"
502,0,"1400.48","-242.619","752.552"
503,0,"1403.24","-241.283","760.478"
504,0,"1405.9","-239.33","767.568"
505,0,"1408.32","-238.002","773.196"
506,0,"1410.45","-237.096","777.845"
507,0,"1412.13","-237.087","781.69"
508,0,"1413.45","-238.114","784.932"
509,0,"1414.42","-239.682","787.772"
510,0,"1415.07","-240.91","790.184"
511,0,"1415.41","-241.188","792.064"
512,0,"1415.24","-240.139","793.549"
513,0,"1414.6","-239.261","794.239"
514,0,"1413.51","-238.443","794.445"
515,0,"1411.76","-238.798","793.787"
516,0,"1409.74","-239.736","792.259"
517,0,"1407.3","-240.808","789.615"
518,0,"1404.4","-241.754","785.673"
519,0,"1401.02","-242.709","780.316"
520,0,"1397.2","-243.949","773.575"
521,0,"1392.93","-245.424","765.608"
522,0,"1388.22","-246.972","756.623"
523,0,"1383.03","-248.338","746.881"
524,0,"1377.37","-249.425","736.596"
525,0,"1371.19","-250.208","725.856"
526,0,"1364.54","-250.796","714.519"
527,0,"1357.45","-251.409","702.382"
528,0,"1349.93","-252.229","689.134"
529,0,"1342.06","-253.464","674.618"
530,0,"1333.53","-255.954","658.337"
531,0,"1325.21","-258.813","640.834"
532,0,"1317.43","-262.487","622.029"
533,0,"1309.36","-266.197","603.232"
534,0,"1301.42","-270.829","583.089"
535,0,"1292.78","-275.319","563.11"
536,0,"1284.35","-280.232","542.775"
537,0,"1275.18","-284.765","522.112"
538,0,"1266.05","-290.784","501.42"
539,0,"1256.82","-297.563","480.671"
540,0,"1248.17","-306.424","460.257"
541,0,"1239.96","-317.054","440.699"
542,0,"1231.47","-328.878","422.94"
543,0,"1222.74","-341.061","407.092"
544,0,"1215.39","-352.324","394.37"
545,0,"1210.14","-358.328","389.118"
546,0,"1207.12","-360.991","386.747"
547,0,"1204.05","-361.658","384.853"
548,0,"1201.44","-362.015","383.756"
549,0,"1200.51","-362.04","384.645"
550,0,"1200.1","-360.793","389.092"
551,0,"1199.82","-359.332","394.952"
552,0,"1199.16","-356.708","402.603"
553,0,"1197.22","-354.487","411.103"
554,0,"1195.22","-354.389","418.856"
555,0,"1194.2","-355.924","426.086"
556,0,"1194.31","-360.617","430.75"
557,0,"1194.79","-367.096","433.551"
558,0,"1194.83","-372.775","436.384"
559,0,"1193.87","-377.531","438.735"
560,0,"1192.21","-381.566","440.629"
561,0,"1190.22","-385.803","442.229"
562,0,"1188.25","-390.832","443.652"
563,0,"1186.52","-396.712","444.664"
564,0,"1184.84","-403.066","445.078"
565,0,"1182.78","-409.595","444.871"
566,0,"1180.39","-416.243","444.346"
567,0,"1177.97","-423.27","443.63"
568,0,"1175.87","-430.849","442.788"
569,0,"1174.17","-439.002","441.745"
570,0,"1172.8","-447.559","440.435"
571,0,"1171.61","-456.372","438.766"
572,0,"1170.75","-465.334","437.125"
573,0,"1170.51","-474.15","435.848"
574,0,"1170.92","-483.227","435.578"
575,0,"1172.09","-490.985","435.78"
576,0,"1173.77","-498.281","436.515"
577,0,"1175.67","-505.302","437.106"
578,0,"1178.07","-512.014","438.812"
579,0,"1180.71","-518.776","440.882"
580,0,"1183.63","-525.599","443.324"
581,0,"1186.75","-532.811","445.964"
582,0,"1189.99","-540.548","448.702"
583,0,"1193.45","-549.045","451.301"
584,0,"1197.22","-558.421","453.663"
585,0,"1201.45","-568.61","456.01"
586,0,"1206.13","-579.401","458.436"
587,0,"1211.08","-590.52","460.99"
588,0,"1215.99","-601.409","463.895"
589,0,"1221.21","-612.613","466.137"
590,0,"1226.12","-622.19","469.776"
591,0,"1230.93","-632.5","472.915"
592,0,"1235.92","-643.135","475.852"
593,0,"1241.12","-654.257","478.449"
594,0,"1246.54","-665.85","480.901"
595,0,"1252.02","-677.807","483.253"
596,0,"1257.42","-689.496","484.74"
597,0,"1262.78","-700.952","485.944"
598,0,"1268.11","-711.837","486.849"
599,0,"1273.4","-721.953","487.461"
600,0,"1278.69","-731.186","487.514"
601,0,"1283.96","-739.774","486.711"
602,0,"1289.26","-747.995","484.83"
603,0,"1294.56","-756.294","481.949"
604,0,"1299.99","-764.727","478.278"
605,0,"1305.63","-773.07","474.132"
606,0,"1311.61","-781.004","469.5"
607,0,"1318.02","-788.371","464.347"
608,0,"1324.88","-795.079","458.475"
609,0,"1332.22","-801.117","451.723"
610,0,"1339.8","-806.714","443.956"
611,0,"1347.21","-812.071","435.317"
612,0,"1354.25","-817.593","426.149"
613,0,"1360.78","-823.725","417.208"
614,0,"1367.17","-830.855","409.028"
615,0,"1373.76","-839.142","402.088"
616,0,"1380.49","-848.189","396.661"
617,0,"1387.47","-857.507","392.698"
618,0,"1394.67","-866.817","389.84"
619,0,"1401.99","-875.709","387.813"
620,0,"1409.38","-884.231","386.396"
621,0,"1416.86","-892.572","385.428"
622,0,"1424.03","-900.863","385.012"
623,0,"1430.29","-909.011","384.563"
624,0,"1437.45","-908.712","391.793"
625,0,"1443.01","-917.089","394.661"
626,0,"1448.45","-927.976","396.409"
627,0,"1451.74","-946.862","392.771"
628,0,"1456.21","-956.042","396.277"
629,0,"1459.91","-964.825","400.042"
630,0,"1463.08","-973.509","404.222"
631,0,"1466.01","-982.098","408.85"
632,0,"1468.71","-990.65","413.821"
633,0,"1471.15","-999.14","418.874"
634,0,"1473.18","-1007.68","423.776"
635,0,"1475.18","-1016.01","428.687"
636,0,"1476.36","-1023.99","432.973"
637,0,"1478.09","-1031.72","437.675"
638,0,"1479.8","-1039.22","442.427"
639,0,"1481.47","-1046.47","447.174"
640,0,"nan","nan","nan"
641,0,"1484.84","-1060.01","456.387"
642,0,"1485.99","-1066.53","459.647"
643,0,"1487.63","-1072.45","463.498"
644,0,"1489.16","-1078.11","467.011"
645,0,"1491.02","-1083.39","470.947"
646,0,"1491.84","-1089.85","471.612"
647,0,"1493.41","-1095.53","471.77"
648,0,"1492.49","-1101.89","473.256"
649,0,"1493.55","-1107.52","474.584"
650,0,"1494.09","-1113.6","475.415"
651,0,"1493.51","-1119.88","474.765"
652,0,"1494.49","-1126.58","475.434"
653,0,"1494.98","-1133.45","474.701"
654,0,"1491.81","-1140.1","475.469"
655,0,"1498.35","-1146.93","472.638"
656,0,"nan","nan","nan"
657,0,"nan","nan","nan"
658,0,"1505.41","-1166.07","467.784"
659,0,"nan","nan","nan"
660,0,"1507.7","-1180.71","466.42"
661,0,"1511.71","-1187.7","464.018"
662,0,"1518.97","-1194.52","460.225"
663,0,"1527.02","-1201.08","456.368"
664,0,"1534.08","-1208.47","452.313"
665,0,"1535.37","-1214.64","450.357"
666,0,"1535.7","-1224.33","451.054"
667,0,"1534.96","-1234.51","451.749"
668,0,"1535.28","-1243.67","453.444"
669,0,"1536.11","-1249.82","452.333"
670,0,"1540.18","-1255.68","451.981"
671,0,"1544.88","-1259.92","450.37"
672,0,"1549.31","-1262.78","447.975"
673,0,"1553.36","-1265.25","446.234"
674,0,"1556.02","-1266.93","444.213"
675,0,"1558.5","-1269.68","443.908"
676,0,"1559.72","-1271.49","443.149"
677,0,"1560.87","-1273.08","443.159"
678,0,"1562.1","-1274.09","443.531"
679,0,"1563.19","-1274.4","443.473"
680,0,"1564.58","-1274.77","444.042"
681,0,"1565.71","-1275.12","444.692"
682,0,"1566.22","-1275.2","445.389"
683,0,"1566.36","-1275.5","446.316"
684,0,"1566.17","-1275.69","447.238"
685,0,"1565.86","-1275.65","448.082"
686,0,"1565.55","-1275.53","448.913"
687,0,"1565.18","-1275.07","449.733"
688,0,"1564.83","-1274.47","450.608"
689,0,"1563.88","-1272.99","450.612"
690,0,"1563.73","-1272.75","452.298"
691,0,"1562.86","-1271.82","453.035"
692,0,"1561.96","-1271.12","453.889"
693,0,"1560.54","-1270.07","453.948"
694,0,"1558.83","-1268.97","453.68"
695,0,"1557.56","-1268.52","454.14"
696,0,"1555.99","-1267.8","453.94"
697,0,"1554.68","-1267.4","453.84"
698,0,"1552.65","-1266.27","452.315"
699,0,"1550.9","-1265.43","451.088"
700,0,"1549.06","-1264.63","449.596"
701,0,"1547.12","-1263.78","447.727"
702,0,"1545.1","-1262.91","445.348"
703,0,"1543.07","-1262.25","442.436"
704,0,"1541.06","-1262.27","438.702"
705,0,"1539.76","-1264.28","436.149"
706,0,"1537.47","-1267.37","433.631"
707,0,"1535.8","-1271.86","433.198"
708,0,"1534.91","-1276.99","433.083"
709,0,"1534.76","-1282.03","432.575"
710,0,"1535.41","-1286.62","432.22"
711,0,"1536.79","-1290.47","431.881"
712,0,"1538.84","-1293.45","431.599"
713,0,"1541.06","-1295.38","430.572"
714,0,"1543.91","-1296.67","429.88"
715,0,"1546.55","-1296.97","428.235"
716,0,"1548.72","-1296.42","426.162"
717,0,"1550.85","-1295.9","425.205"
718,0,"1552.35","-1295.69","425.112"
719,0,"1553","-1295.81","425.544"
720,0,"1552.86","-1295.9","425.673"
721,0,"1553.08","-1296.51","426.804"
722,0,"1552.31","-1296.1","426.585"
723,0,"1551.75","-1295.95","426.998"
724,0,"1551.31","-1295.96","427.906"
725,0,"1550.4","-1295.26","427.854"
726,0,"1549.76","-1294.68","428.194"
727,0,"1549.57","-1294.43","429.035"
728,0,"1548.81","-1293.53","428.718"
729,0,"1548.19","-1292.97","428.525"
730,0,"1547.8","-1292.57","428.572"
731,0,"1548.22","-1293.19","429.774"
732,0,"1548.06","-1293.18","429.855"
733,0,"1547.62","-1292.97","429.417"
734,0,"1547.84","-1293.5","430.06"
735,0,"1547.76","-1293.81","430.063"
736,0,"1547.25","-1293.73","429.191"
737,0,"1547.24","-1294.03","429.074"
738,0,"1547.07","-1294.25","428.531"
739,0,"1547.45","-1294.74","428.994"
740,0,"1547.4","-1294.61","428.665"
741,0,"1547.84","-1294.93","429.152"
742,0,"1548.05","-1294.87","429.244"
743,0,"1548.19","-1294.75","429.291"
744,0,"1548.04","-1294.32","429.045"
745,0,"1548.15","-1294.17","429.616"
746,0,"1547.88","-1293.79","429.869"
747,0,"1548.16","-1293.99","431.231"
748,0,"1546.78","-1292.34","429.977"
749,0,"1546.4","-1291.84","430.847"
750,0,"1546.2","-1291.5","432.209"
751,0,"1544.57","-1290.04","431.844"
752,0,"1543.4","-1289","432.452"
753,0,"1542.1","-1287.8","433.055"
754,0,"1541.12","-1286.89","434.291"
755,0,"1540.03","-1285.86","435.627"
756,0,"1538.2","-1283.99","435.445"
757,0,"1536.64","-1282.15","435.393"
758,0,"1535.31","-1280.5","435.936"
759,0,"1534.02","-1278.88","436.466"
760,0,"1532.84","-1277.22","437.006"
761,0,"1531.48","-1275.44","437.07"
762,0,"1530.89","-1274.13","438.307"
763,0,"1529.97","-1272.65","438.765"
764,0,"1528.57","-1270.63","438.352"
765,0,"1528.03","-1269.45","439.258"
766,0,"1527.28","-1268.03","439.698"
767,0,"1526.51","-1266.73","440.05"
768,0,"1525.77","-1265.55","440.383"
769,0,"1525.18","-1264.6","440.951"
770,0,"1523.91","-1263.15","440.412"
771,0,"1523.31","-1262.36","441.132"
772,0,"1522.49","-1261.46","441.385"
773,0,"1521.89","-1260.91","442.196"
774,0,"1520.93","-1260.07","442.09"
775,0,"1519.52","-1258.89","441.457"
776,0,"1518.62","-1258.27","441.499"
777,0,"1517.7","-1257.7","441.583"
778,0,"1517.44","-1257.8","442.581"
779,0,"1516.58","-1257.05","442.638"
780,0,"1516.16","-1256.84","443.116"
781,0,"1515.13","-1256.1","442.386"
782,0,"1514.93","-1256.02","442.981"
783,0,"1514.48","-1255.72","443.085"
784,0,"1514","-1255.44","443.153"
785,0,"1513.6","-1255.18","443.323"
786,0,"1513.45","-1255.11","443.802"
787,0,"1512.91","-1254.6","443.637"
788,0,"1512.54","-1254.39","443.813"
789,0,"1511.92","-1253.97","443.671"
790,0,"1511.19","-1253.46","443.444"
791,0,"1510.52","-1253.15","443.499"
792,0,"1510.5","-1253.45","444.706"
793,0,"1509.76","-1253.12","444.631"
794,0,"1508.73","-1252.53","444.061"
795,0,"1508.8","-1252.97","445.482"
796,0,"1507.49","-1252.2","444.388"
